{
   "quotes":[
      {
         "name":"Adheel Ahmed C",
         "userName":"AdheelAhmed-D3CD",
         "quotes":"You are either true or You are false, this is a Boolean world"
      },
      {
         "name":"Fathima Beegum PJ",
         "userName":"beegumfathima",
         "quotes":"Once you find everything thats happening around, it will be the greatest thing that keeps you going"
      },
      {
         "name":"Shaheem PP",
         "userName":"the-codeholic",
         "quotes":"Make a mark wherever you go😇"
      },
      {
            "name":"Naswih",
            "userName":"naxwh",
            "quotes":"You Are The Average Of The Five People You Spend The Most Time With"
      },
        {
            "name":"Shamil Thaikkadan",
            "userName":"Shamilthaikkadan",
            "quotes":"time without rules,violence is the greatest weapon"
        }, 
        {
            "name":"Muhmmad Naseeb",
            "userName":"naseeb-ek",
            "quotes":"The purpose of our lives is to be happy"
        },
        {
            "name":"Mohammed Nihal",
            "userName":"Nihal350",
            "quotes":"The breath of a wounded lion is more terrible than a roar"
        },
        {
            "name":"Afna Sherin",
            "userName":"afna34",
            "quotes":"Technology is best when it brings people together"
        },
        {
          "name":"Sreelakshmi K",
            "userName":"Sreelakshmi54",
            "quotes":"Smallest act of kindness is worth more than the grandest intention"
        },
        {
          "name":"Mohammed Abdul Gafoor",
            "userName":"mohammed Abdul gafoor",
            "quotes":"risk is the spice of life"
        },
       {
         "name":"Mohammed Roshan T",
         "userName":"MohammedRoshanT",
         "quotes":"We are all connected through Internet like neurons in a Giant Brain.Otherwise I dont know you and you dont know me."
        },
       {
          "name":"Muhammed Swabeeh",
            "userName":"SWABEEH22",
            "quotes":"take the risk or lose the chance"
       },
       {
            "name":"Abdul Hadi BP",
            "userName":"hadibp",
            "quotes":"Don't let some foolish quotes change your life style"
       },
      {
            "name":"Ahammed Hinas kk",
            "userName":"hinasahammed",
            "quotes":"Many of life's failures are people who did not realize how close they were to success when they gave up"
      },
       {
            "name":"Mansoor Majeed",
            "userName":"Mans22r",
            "quotes":"Do What You Love : Love What You Do"
       },
        {
            "name":"Muhammed Muhsin P",
            "userName":"Muhsin",
            "quotes":"The process of editing is what I enjoy most - putting the pieces together and making sense out of them."
       },
       {
            "name":"Irshad Pk ",
            "userName":"Irshad9074",
            "quotes":"It doesn't matter with what you born,but it matter that with what you died"
       },
       {
            "name":"Muhammed Binzid",
            "userName":"Binz-mhd",
            "quotes":"Life start at the end of your comfort zone"
      }
    ]
}
